{
  "start_time": 1749288859.5026548,
  "user_input_chars": 15000,
  "assistant_output_chars": 45000,
  "total_chars": 60000,
  "interaction_count": 10,
  "file_operations": 1,
  "last_backup": "20250607_053419",
  "timestamp": "2025-06-07T05:34:19.553092",
  "context_usage_percent": 30.0
}