{
  "gemini": 0.6345596261207033,
  "webagent": 0.8145978819531247,
  "sequential_thinking": 0.7493457499999997,
  "claude": 0.7493457499999997
}